<?xml version="1.0" encoding="UTF-8" standalone="yes" ?>
<root>
	<ElpisDB>
		<Input>  
			<DB name = "day" type = "varchar(20)"/>
			<DB name = "time" type = "varchar(20)"/>
			<DB name = "ipaddr" type = "varchar(20)"/>
			<DB name = "hw_did" type = "varchar(20)"/>	
			<DB name = "service_name" type = "varchar(20)"/>	
			<DB name = "api_ver" type = "varchar(20)"/>	
			<DB name = "arm" type = "varchar(20)"/> 
			<DB name = "armtime" type = "varchar(20)"/>	
		</Input>
        <Output> 
			<DB name = "state" type = "varchar(20)"/>
			<DB name = "arm" type = "varchar(20)"/> 
			<DB name = "armtime" type = "varchar(20)"/>
		</Output>
	</ElpisDB>
	<POST>
		<REQUEST form = "hw_did" />	
		<REQUEST form = "service_name" />	
		<REQUEST form = "api_ver" />	
		<REQUEST form = "arm" /> 
		<REQUEST form = "armtime" />
	</POST>
</root>
