<?xml version="1.0" encoding="UTF-8" standalone="yes" ?>
<root>
	<ElpisDB>
		<Input>  
			<DB name = "day" type = "varchar(20)"/>
			<DB name = "time" type = "varchar(20)"/>
			<DB name = "ipaddr" type = "varchar(20)"/>
			<DB name = "hw_did" type = "varchar(20)"/>	
			<DB name = "service_name" type = "varchar(20)"/>	
			<DB name = "api_ver" type = "varchar(20)"/>	
			<DB name = "arm" type = "varchar(20)"/> 
			<DB name = "armtime" type = "varchar(20)"/>
		</Input>
        <Output>  
			<DB name = "arm" type = "varchar(20)"/> 
			<DB name = "armtime" type = "varchar(20)"/>
		</Output>
	</ElpisDB>
    <Navi_Input>
		<DB id="9qim_bq72_3fpj_33fy" url = "../../DB/ArmRobot_9qim_bq72_3fpj_33fy.db" />
	</Navi_Input>
	<Navi_Output>
		<DB id="1234" url = "../../DB/POST_TESTER_5678.db" />
	</Navi_Output>	
</root>
