<?xml version="1.0" encoding="UTF-8" standalone="yes" ?>
<root>
	<ElpisDB>
		<Input>  
			<DB name = "day" type = "varchar(20)"/>
			<DB name = "time" type = "varchar(20)"/>
			<DB name = "ipaddr" type = "varchar(20)"/>
			<DB name = "hw_did" type = "varchar(20)"/>	
			<DB name = "data" type = "varchar(20)"/>
		</Input>
        <Output>  
			<DB name = "write" type = "varchar(20)"/>
		</Output>
	</ElpisDB>
	<POST>
		<REQUEST form = "hw_did" />	
		<REQUEST form = "data" />
	</POST>
</root>
