<?xml version="1.0" encoding="UTF-8" standalone="yes" ?>
<root>
	<ElpisDB>
		<Input>  
			<DB name = "day" type = "varchar(20)"/>
			<DB name = "time" type = "varchar(20)"/>
			<DB name = "ipaddr" type = "varchar(20)"/>
			<DB name = "hw_did" type = "varchar(20)"/>	
			<DB name = "service_name" type = "varchar(20)"/>	
			<DB name = "api_ver" type = "varchar(20)"/>	
			<DB name = "arm1" type = "varchar(20)"/> 
			<DB name = "arm2" type = "varchar(20)"/> 
			<DB name = "arm3" type = "varchar(20)"/> 
			<DB name = "arm4" type = "varchar(20)"/> 
			<DB name = "arm5" type = "varchar(20)"/> 
			<DB name = "armtime1" type = "varchar(20)"/>
			<DB name = "armtime2" type = "varchar(20)"/>
			<DB name = "armtime3" type = "varchar(20)"/>
			<DB name = "armtime4" type = "varchar(20)"/>
			<DB name = "armtime5" type = "varchar(20)"/>	
		</Input>
        <Output> 
			<DB name = "state" type = "varchar(20)"/>
			<DB name = "armtime1" type = "varchar(20)"/>
			<DB name = "armtime2" type = "varchar(20)"/>
			<DB name = "armtime3" type = "varchar(20)"/>
			<DB name = "armtime4" type = "varchar(20)"/>
			<DB name = "armtime5" type = "varchar(20)"/>
		</Output>
	</ElpisDB>
	<POST>
		<REQUEST form = "hw_did" />	
		<REQUEST form = "service_name" />	
		<REQUEST form = "api_ver" />	
		<REQUEST form = "arm1" /> 
		<REQUEST form = "arm2" /> 
		<REQUEST form = "arm3" /> 
		<REQUEST form = "arm4" /> 
		<REQUEST form = "arm5" /> 
		<REQUEST form = "armtime1" />
		<REQUEST form = "armtime2" />
		<REQUEST form = "armtime3" />
		<REQUEST form = "armtime4" />
		<REQUEST form = "armtime5" />
	</POST>
</root>
