<?xml version="1.0" encoding="UTF-8" ?>
<root>
	<TestDATA>
		<DB id="001" hwtype="  " location=" " status=" " account=""  >
			<Record number = "1" data = '98'/>
			<Record number = "2" data = '98'/>
			<Record number = "3" data = '95'/>
		</DB>
		<DB id="002" hwtype="  " location=" " status=" " account=""  >
			<Record number = "1" data = '98'/>
			<Record number = "2" data = '98'/>
			<Record number = "3" data = '95'/>
		</DB>
		<DB id="003" hwtype="  " location=" " status=" " account=""  >
			<Record number = "1" data = '98'/>
			<Record number = "2" data = '98'/>
			<Record number = "3" data = '95'/>
		</DB>
					
	</TestDATA>
</root>