<?xml version="1.0" encoding="UTF-8" standalone="yes" ?>
<root>
	<SQLiteDB>
		<ElpisDB>  
			<DB name = "day" type = "varchar(20)"/>
			<DB name = "time" type = "varchar(20)"/>
			<DB name = "ipaddr" type = "varchar(20)"/>	
			<DB name = "pro_ver" type = "varchar(20)"/>
			<DB name = "pro_subver" type = "varchar(20)"/>
			<DB name = "hw_sid" type = "varchar(20)"/>
			<DB name = "hw_did" type = "varchar(20)"/>
			<DB name = "hw_ver" type = "varchar(20)"/>
			<DB name = "hw_fmver" type = "varchar(20)"/>
			<DB name = "sv_name" type = "varchar(20)"/>
			<DB name = "sv_id" type = "varchar(20)"/>
			<DB name = "cm_com" type = "varchar(20)"/>
			<DB name = "cm_date" type = "varchar(20)"/>
		</ElpisDB>
        <WriteTB>  
			<DB name = "write" type = "varchar(20)"/>
		</WriteTB>
	</SQLiteDB>
</root>