<root>
	<TestDATA>
		<DB id="001" hwtype="  " location=" " status=" " account=""  >
			<Record num = "1" data = '98'/>
			<Record num = "2" data = '98'/>
			<Record num = "3" data = '95'/>
		</DB>
		<DB id="002" hwtype="  " location=" " status=" " account=""  >
			<Record num = "1" data = '98'/>
			<Record num = "2" data = '98'/>
			<Record num = "3" data = '95'/>
		</DB>
		<DB id="003" hwtype="  " location=" " status=" " account=""  >
			<Record num = "1" data = '98'/>
			<Record num = "2" data = '98'/>
			<Record num = "3" data = '95'/>
		</DB>
					
	</TestDATA>
</root>