<?xml version="1.0" encoding="UTF-8" standalone="yes" ?>
<root>
	<ElpisDB>
		<Input>  
			<DB name = "day" type = "varchar(20)"/>
			<DB name = "time" type = "varchar(20)"/>
			<DB name = "ipaddr" type = "varchar(20)"/>	
			<DB name = "pro_ver" type = "varchar(20)"/>
			<DB name = "pro_subver" type = "varchar(20)"/>
			<DB name = "hw_sid" type = "varchar(20)"/>
			<DB name = "hw_did" type = "varchar(20)"/>
			<DB name = "hw_ver" type = "varchar(20)"/>
			<DB name = "hw_fmver" type = "varchar(20)"/>
			<DB name = "sv_name" type = "varchar(20)"/>
			<DB name = "sv_id" type = "varchar(20)"/>
			<DB name = "cm_com" type = "varchar(20)"/>
			<DB name = "cm_date" type = "varchar(20)"/>
		</Input>
        <Output>  
			<DB name = "write" type = "varchar(20)"/>
		</Output>
	</ElpisDB>
    <Navi_Input>
		<DB id="001" url = "../DB/001.db" />
	</Navi_Input>
	<Navi_Output>
		<DB url = "Debug/data.xml" />
	</Navi_Output>	
</root>